<assembly xmlns="http://maven.apache.org/plugins/maven-assembly-plugin/assembly/1.1.2" 
  xmlns:xsi="http://www.w3.org/2001/XMLSchema-instance"
  xsi:schemaLocation="http://maven.apache.org/plugins/maven-assembly-plugin/assembly/1.1.2 http://maven.apache.org/xsd/assembly-1.1.2.xsd">
  <id>bin</id>
  <formats>
    <format>zip</format>
  </formats>
  <fileSets>
    <fileSet>
      <directory>${project.basedir}</directory>
      <outputDirectory>/</outputDirectory>
      <includes>
        <include>README*</include>
        <include>LICENSE*</include>
        <include>NOTICE*</include>
        <include>config/	</include>
        <include>logs</include>
        <include>res/</include>
        <include>src/</include>
        <include>temp/</include>
      </includes>
    </fileSet>
    <fileSet>
      <directory>${project.build.directory}</directory>
      <outputDirectory></outputDirectory>
      <includes>
        <include>logtool.jar</include>
      </includes>
    </fileSet>
<!--     <fileSet> -->
<!--       <directory>${project.build.directory}/site</directory> -->
<!--       <outputDirectory>docs</outputDirectory> -->
<!--     </fileSet> -->
  </fileSets>
</assembly>